a,184
ability,1
about,1
above,3
absence,1
absolute,1
absolutely,1
abuse,1
accept,2
acceptance,4
access,6
accessible,1
accompanied,3
accompanies,1
accord,4
according,1
achieve,1
acknowledges,1
acquired,2
across,1
actions,1
activities,3
activity,1
actual,1
actually,1
adapt,1
add,4
added,3
additional,14
address,1
addressed,1
adopted,1
adversely,1
advised,1
affects,1
affero,3
affirmed,1
affirms,1
after,2
against,2
aggregate,3
agree,1
agreed,1
agreement,3
aim,1
all,21
alleging,1
allow,1
allowed,3
along,5
already,1
also,7
alternative,1
although,1
among,1
an,26
ancillary,1
and,98
anti,1
any,50
anyone,4
anything,4
applicable,9
applications,1
applied,1
applies,2
apply,14
appropriate,8
appropriately,1
approximates,1
are,28
area,1
arise,1
arising,1
arrange,2
arrangement,3
article,1
as,38
asking,1
assert,1
assets,1
associated,1
assume,1
assumption,1
assumptions,2
assures,1
at,8
attach,2
attempt,1
attributed,1
attributions,1
author,4
authorization,1
authorized,1
authorizes,2
authorizing,1
authors,7
automatic,1
automatically,4
available,9
avoid,1
away,1
b,7
based,6
basic,1
be,29
because,1
been,6
behalf,1
being,2
believe,1
below,1
benefit,1
best,1
between,1
beyond,1
body,1
both,2
box,1
brief,1
business,1
but,16
by,43
c,8
called,3
can,13
cannot,3
carry,2
case,2
cases,2
cause,2
cease,1
certain,4
cessation,1
change,5
changed,1
changing,1
characterized,1
charge,8
choose,2
choosing,1
circumstances,1
circumvention,5
civil,1
claim,2
claims,4
class,1
clear,1
clearly,1
closely,1
code,34
collect,1
combination,1
combine,1
combined,2
comes,2
commands,3
commercial,1
commitment,2
common,1
communication,2
compilation,3
compilations,1
compiler,1
compliance,1
comply,1
component,5
computer,2
computers,1
concerning,1
concerns,1
conditioned,1
conditions,14
connection,4
consequence,3
consequential,1
consider,1
considered,1
consistent,2
conspicuously,1
constantly,1
constitutes,1
construed,1
consumer,4
contact,1
contain,1
containing,1
contains,2
content,1
contents,1
context,1
continue,2
continued,1
contractual,2
contradict,1
contrast,1
contributor,10
control,6
controlled,1
convenient,1
convey,26
conveyance,1
conveyed,3
conveying,15
conveys,2
copies,14
copy,25
copying,4
copyleft,1
copyright,30
copyrightable,1
copyrighted,1
correction,1
corresponding,23
cost,2
could,3
counterclaim,1
countries,1
country,3
course,1
court,1
courts,1
covenant,1
coverage,2
covered,41
criterion,1
cross,1
cure,1
customarily,2
customer,1
d,4
damages,3
danger,1
data,3
date,1
days,2
december,1
decide,1
declining,1
deemed,1
defective,1
defenses,1
defined,1
definition,2
definitions,1
denied,1
denominated,1
deny,1
denying,1
deprive,1
designated,1
designed,6
detail,1
details,3
determining,1
develop,1
developers,3
development,1
devices,1
differ,1
different,4
differently,1
direction,1
directions,1
directly,2
disclaim,1
disclaimer,3
disclaiming,1
discriminatory,2
display,2
displayed,1
displays,2
distinguishing,1
distribute,5
distributed,1
distributing,1
distribution,5
do,16
document,3
documented,1
does,13
domains,2
doubtful,1
downstream,2
durable,2
dwelling,1
dynamically,1
e,2
each,10
earlier,2
effect,1
effected,1
effective,1
effectively,2
efforts,1
either,9
electronic,1
embodied,2
employer,1
enable,1
enables,1
end,1
enforce,2
enforcing,2
ensure,2
entered,1
entire,4
entirely,1
entity,2
equivalent,3
erroneously,1
essential,3
even,2
event,1
ever,1
every,1
everyone,2
exact,1
example,5
except,4
exceptions,2
excluded,1
excluding,1
exclusion,1
exclusive,1
exclusively,2
excuse,1
executable,3
execute,1
executing,1
exercise,4
exercising,1
expected,1
expects,1
explains,1
explicitly,2
express,2
expressed,1
expressly,1
extend,2
extended,1
extensions,1
extent,6
f,1
facilities,2
fails,1
failure,1
fair,1
family,1
fashion,1
favor,1
feature,1
fee,4
file,2
files,4
finally,2
find,2
first,2
fitness,2
fixed,2
flow,1
follow,3
following,3
for,86
forbid,2
force,1
form,11
format,1
forms,1
found,1
foundation,6
free,20
freedom,8
freedoms,1
from,29
fsf,1
fulfilling,1
full,1
functioning,1
fundamentally,1
further,8
future,2
general,23
generally,1
generate,1
get,4
give,6
given,3
gives,1
giving,2
gnu,22
governed,3
gpl,7
grant,5
granted,7
grants,3
gratis,2
greatest,1
guarantee,1
gui,1
had,1
has,9
have,14
having,2
hereafter,1
holder,10
holders,2
hope,1
hosts,1
household,1
how,6
however,6
html,1
https,4
hypothetical,1
idea,1
identifiable,1
if,49
implement,1
implementation,2
implied,4
import,1
importing,1
impose,3
imposed,2
in,81
inability,1
inaccurate,1
inc,1
incidental,1
include,6
included,3
includes,4
including,8
inclusion,1
incompatible,1
incorporating,1
incorporation,1
indemnification,1
independent,1
indicate,1
indicating,1
individual,2
individuals,2
industrial,1
inform,1
information,8
infringe,2
infringed,3
infringement,3
initiate,1
inside,1
install,4
installation,4
installed,3
instead,1
intact,3
intended,1
intention,1
interaction,3
interactive,4
interchange,2
interest,2
interface,7
interfaces,3
interfered,1
interpretation,1
interpreter,1
intimate,1
into,5
invalidate,1
irrevocable,1
is,70
it,52
item,1
its,10
itself,1
june,1
keep,3
kernel,1
key,1
keys,1
kind,2
kinds,2
know,2
knowingly,2
knowledge,1
language,2
larger,1
later,5
law,10
laws,2
lawsuit,1
least,2
legal,11
lesser,1
lgpl,1
liability,7
liable,2
libraries,3
library,3
license,102
licensed,3
licensee,1
licensees,2
licenses,9
licensing,1
licensors,4
like,2
likewise,1
limit,2
limitation,2
limited,2
limiting,3
line,2
link,1
linked,1
linking,1
list,2
litigation,1
local,2
long,3
loss,1
losses,1
machine,1
made,2
mail,1
maintain,1
major,5
make,14
makes,1
making,8
manner,3
manufacturer,1
march,1
marked,2
marks,1
masks,1
material,13
materially,1
may,31
meaning,1
means,18
measure,1
measures,3
medium,6
meet,1
meets,1
menu,1
merchantability,2
mere,1
merging,1
met,1
methods,1
might,1
misrepresentation,1
mode,2
model,1
modification,6
modifications,3
modified,13
modifies,2
modify,12
modifying,2
more,7
moreover,1
most,5
must,14
name,3
names,2
nature,1
necessary,2
need,5
needed,3
neither,1
network,8
new,7
next,1
no,17
non,9
noncommercially,1
nor,1
normal,1
normally,2
not,51
nothing,2
notice,8
notices,11
notifies,1
notify,1
notwithstanding,2
number,2
numbered,2
object,21
obligate,1
obligated,1
obligations,4
occasionally,1
occurring,1
occurs,2
of,221
offer,8
offered,1
offering,2
official,1
on,31
one,7
only,8
operate,1
operated,1
operating,1
operation,2
option,3
options,1
or,151
order,2
org,4
organization,2
organizations,2
origin,1
original,2
other,30
others,4
otherwise,6
our,2
out,1
output,3
outside,1
own,1
owned,1
packaged,1
packaging,1
paper,1
paragraph,2
paragraphs,1
part,10
particular,10
parties,8
parts,6
party,12
pass,1
password,1
patent,23
patents,6
pattern,1
payment,1
peer,4
peers,1
performance,1
performing,2
permanently,4
permission,10
permissions,10
permissive,4
permit,3
permits,1
permitted,5
perpetuity,1
personal,2
pertinent,1
physical,6
physically,1
pieces,1
place,5
please,1
plus,1
pointer,1
portion,2
possesses,1
possession,3
possibility,1
possible,1
power,1
practical,1
practice,2
preamble,1
precise,1
precisely,1
predecessor,3
preferred,1
present,1
presents,1
preservation,1
prevent,2
prevented,1
previous,2
price,4
primarily,1
prior,3
private,1
problems,3
procedures,1
procuring,1
produce,2
product,21
products,3
program,52
programmer,1
programming,1
programs,6
prohibit,2
prohibiting,2
prohibits,1
prominent,3
prominently,1
propagate,9
propagating,1
propagation,4
property,1
proprietary,3
protect,3
protecting,2
protection,2
protocols,1
prove,1
provide,5
provided,13
provision,3
provisionally,1
proxy,2
public,25
publicity,1
publicly,2
publish,2
published,3
purpose,5
purposes,3
pursuant,1
qualify,1
quality,1
read,1
readable,1
readily,1
reading,1
ready,1
reason,1
reasonable,6
receipt,1
receive,8
received,8
receives,3
receiving,1
recipient,5
recipients,7
recognized,1
redistribute,3
referring,1
refers,3
refrain,1
regard,1
regardless,5
regenerate,1
reinstated,3
relationship,1
released,2
relevant,2
relicensing,2
relying,2
remain,1
remains,3
removal,1
remove,2
render,1
rendered,1
repair,1
represent,1
require,5
required,4
requirement,5
requirements,5
requires,1
requiring,4
resolved,1
respect,2
responsibilities,2
responsible,1
restrict,1
restricting,1
restriction,3
restrictions,2
result,1
resulting,3
results,1
retains,1
return,1
reviewing,1
revised,2
right,3
rights,19
risk,1
rom,1
royalty,3
rules,1
run,8
running,3
runs,1
s,12
safest,1
sake,1
sale,2
same,5
satisfy,3
saying,1
school,1
scope,1
scripts,1
secondarily,1
section,15
sections,3
see,3
sell,1
selling,2
semiconductor,1
separable,1
separate,1
separately,3
server,5
serves,1
service,2
servicing,1
shall,5
share,2
shared,1
short,1
should,6
show,6
sign,1
significant,1
similar,2
simultaneously,1
single,2
so,11
software,27
sold,1
sole,1
solely,3
some,7
source,42
spare,1
speak,1
special,4
specific,3
specifically,3
specified,2
specifies,2
specify,1
spirit,1
stand,1
standard,3
standards,1
start,1
starts,1
state,1
stated,5
statement,2
states,1
stating,4
status,1
steps,1
storage,1
subdividing,1
subject,1
sublicenses,1
sublicensing,1
subprograms,2
subroutine,1
subsection,2
substantial,1
substantially,2
such,21
sue,1
suffice,1
supplement,2
support,3
supports,1
sure,3
surrender,2
survive,1
sustained,1
system,5
systematic,1
take,1
tangible,1
technological,3
tells,1
term,4
terminal,1
terminate,2
terminated,1
terminates,1
termination,2
terms,32
than,4
that,91
the,345
their,6
them,8
then,4
there,3
therefore,4
these,10
they,6
things,1
third,9
this,86
those,14
though,1
threatened,1
three,2
through,4
thus,2
time,4
to,192
too,2
tools,1
trade,1
trademark,1
trademarks,1
transaction,7
transfer,1
transferred,1
transferring,1
transmission,2
treated,1
treaty,1
two,1
type,2
typical,1
unacceptable,1
under,44
unless,5
unlimited,1
unmodified,3
unnecessary,1
unpacking,1
until,1
updates,1
use,24
used,12
useful,2
user,15
users,9
uses,3
using,4
valid,4
verbatim,3
version,25
versions,14
view,1
violates,1
violation,5
visible,1
void,1
volume,1
w,2
waive,1
waiver,1
want,3
warranties,2
warranty,15
was,1
way,7
ways,2
we,7
welcome,1
well,1
were,1
what,4
whatever,1
when,7
where,5
whether,5
which,21
who,8
whole,3
whom,1
whose,1
why,1
widely,1
will,8
window,1
wipo,1
wish,2
with,45
within,2
without,7
work,97
working,1
works,12
worldwide,1
would,7
writing,2
written,4
www,3
year,2
years,1
you,128
your,34
yourself,1
